718001,Antoni Gaudí,619 Mozart street
292141,Jane Goodall,199 Sigmund Freud street
843084,George Washington Carver,263 C. V. Raman street
959365,James Clerk Maxwell,752 Marie-Louise von Franz street
030450,Rosalind Franklin,134 Plato street
936834,Ella Fitzgerald,952 Johann Sebastian Bach street
155370,Alfred Nobel,372 Isaac Newton street
992276,J.R.R. Tolkien,575 Gottlieb Daimler street
008294,Helen Keller,332 Leonardo da Vinci street
065113,Enrico Fermi,803 Carl Friedrich Gauss street
483273,Carl Friedrich Gauss,495 Ludwig Wittgenstein street
864486,Mozart,349 Cleopatra street
313547,Ernest Hemingway,146 Alfred Nobel street
903331,Antoine Lavoisier,137 Rosalind Franklin street
380872,Michael Faraday,150 Rosa Parks street
013906,Louis Armstrong,825 Grace Hopper street
786015,Friedrich Nietzsche,473 Eleanor Roosevelt street
172835,Fridtjof Nansen,350 Alberto Santos-Dumont street
881649,Hedy Lamarr,941 Niels Bohr street
506828,Vincent van Gogh,460 Rosalind Franklin street
100594,Louis Braille,960 Margaret Hamilton street
070544,Auguste Rodin,434 James Watt street
794015,Wolfgang Amadeus Mozart,333 Mary Shelley street
703371,John Keats,591 Nikola Tesla street
322581,Lao Tzu,701 Blaise Pascal street
681317,Grace Hopper,325 Coco Chanel street
299250,Fridtjof Nansen,175 Auguste Rodin street
603429,Thomas Edison,398 Leonhard Euler street
528438,Stephen Hawking,366 Thomas Edison street
775389,Nelson Mandela,169 Pablo Picasso street
843457,Charles Darwin,303 Leonhard Euler street
558729,Mary Shelley,317 Martha Graham street
604570,Johann Sebastian Bach,785 James Clerk Maxwell street
086250,Alexander Fleming,737 Rene Descartes street
311635,Frederick Douglass,690 Ada Lovelace street
089622,Alan Turing,174 Archimedes street
381089,Pablo Picasso,267 Gottfried Wilhelm Leibniz street
411472,Leonardo da Vinci,904 Alexander Graham Bell street
528627,Rene Descartes,867 Sojourner Truth street
491721,Nikola Tesla,34 Louis Armstrong street
197806,Ludwig van Beethoven,275 Johannes Kepler street
920222,Blaise Pascal,944 George Washington Carver street
537689,Fyodor Dostoevsky,51 Kurt Gödel street
671370,Muhammad Ali,154 Wolfgang Amadeus Mozart street
081682,Mae Jemison,999 Walt Disney street
388913,Louis Pasteur,163 Helen Keller street
101381,Ada Yonath,940 Billie Holiday street
928500,Marcel Proust,659 Nikolaus Copernicus street
337426,Frida Kahlo,222 Amelia Earhart street
441268,C. V. Raman,688 Indira Gandhi street
418514,Guglielmo Marconi,889 Alan Rickman street
334849,Claude Monet,332 Louis Pasteur street
964146,John Locke,246 Fridtjof Nansen street
246468,James Watt,981 Mahmoud Darwish street
069178,Alberto Santos-Dumont,144 Guglielmo Marconi street
219232,Ada Lovelace,356 Friedrich Nietzsche street
887305,Rumi,218 Louis Braille street
677324,Billie Holiday,95 Emily Dickinson street
680432,Sojourner Truth,596 Ella Fitzgerald street
195960,Mahatma Gandhi,820 Rabindranath Tagore street
713308,Cleopatra,905 Hypatia street
808678,Sigmund Freud,233 Marie Curie street
097437,Martha Graham,708 Stephen Hawking street
322996,Plato,953 Thomas Jefferson street
914334,Thomas Jefferson,42 Claude Monet street
480748,Nikolaus Copernicus,463 George Orwell street
419868,Rabindranath Tagore,629 Enrico Fermi street
799153,Mahmoud Darwish,115 Frederick Douglass street
863077,Alan Rickman,19 John Keats street
534124,Albert Einstein,427 Mahatma Gandhi street
194043,Marie Curie,802 Ernest Hemingway street
570709,Hermann Hesse,449 Lise Meitner street
171196,Marie-Louise von Franz,936 Antoni Gaudí street
237902,Emily Dickinson,599 Muhammad Ali street
901478,Niels Bohr,146 Jane Goodall street
551361,Gottlieb Daimler,480 J.R.R. Tolkien street
943029,Lise Meitner,858 Charles Darwin street
604908,Ludwig Wittgenstein,860 Fridtjof Nansen street
434876,Eleanor Roosevelt,387 Mae Jemison street
625177,Indira Gandhi,18 Vincent van Gogh street
486369,Amelia Earhart,398 Leonhard Euler street
587077,Leonhard Euler,599 John Locke street
326902,Kurt Gödel,719 Rumi street
093017,Archimedes,921 Lao Tzu street
646361,Alexander Graham Bell,776 Marcel Proust street
420474,Oscar Wilde,264 Alan Turing street
879249,Margaret Hamilton,974 Hedy Lamarr street
158201,Leonhard Euler,22 Antoine Lavoisier street
235067,George Orwell,175 Fyodor Dostoevsky street
581339,Walt Disney,915 Oscar Wilde street
650762,Rosalind Franklin,930 Alexander Fleming street
647584,Rosa Parks,840 Frida Kahlo street
755701,Gottfried Wilhelm Leibniz,237 Nelson Mandela street
022113,Galileo Galilei,541 Maria Montessori street
014445,Maria Montessori,494 Albert Einstein street
349999,Johannes Kepler,759 Ada Yonath street
103862,Leonhard Euler,382 Hermann Hesse street
303877,Hypatia,579 Galileo Galilei street
656151,Coco Chanel,750 Ludwig van Beethoven street
056656,Isaac Newton,49 Michael Faraday street
